,Unnamed: 0,Age,Gender,Occupation,Days_Indoors,Growing_Stress,Quarantine_Frustrations,Changes_Habits,Mental_Health_History,Weight_Change,Mood_Swings,Coping_Struggles,Work_Interest,Social_Weakness
0,147,30-Above,Male,Housewife,1-14 days,Yes,Yes,Yes,Yes,Yes,Low,Yes,Yes,Yes
1,473,25-30,Male,Student,Go out Every day,Yes,Yes,No,Yes,Yes,High,Yes,Yes,Yes
2,62,20-25,Female,Business,More than 2 months,No,No,Yes,Yes,No,Low,No,No,Yes
3,510,16-20,Male,Corporate,1-14 days,Yes,No,Yes,Yes,Yes,High,No,No,Yes
4,499,30-Above,Female,Housewife,15-30 days,Yes,Yes,No,Yes,No,Low,Yes,Yes,No
5,658,20-25,Male,Corporate,15-30 days,Yes,Yes,No,Yes,No,Medium,Yes,Yes,Yes
6,480,20-25,Female,Student,Go out Every day,Yes,Yes,No,Yes,Yes,Medium,No,Yes,Yes
7,31,30-Above,Female,Corporate,Go out Every day,Yes,Yes,No,Yes,Yes,Medium,No,No,Yes
8,218,25-30,Male,Housewife,1-14 days,No,Yes,Yes,Yes,Yes,Medium,Yes,Yes,Yes
9,20,30-Above,Female,Housewife,Go out Every day,No,Yes,No,No,Yes,Medium,Yes,Yes,Yes
10,78,20-25,Male,Housewife,Go out Every day,No,Yes,Yes,Yes,No,High,No,Yes,No
11,787,30-Above,Female,Student,More than 2 months,Yes,Yes,Yes,No,No,Medium,Yes,No,No
12,471,16-20,Female,Others,15-30 days,No,Yes,Yes,Yes,Yes,High,No,Yes,Yes
13,578,30-Above,Female,Others,More than 2 months,Yes,Yes,No,No,Yes,Medium,No,No,Yes
14,630,16-20,Female,Business,Go out Every day,Yes,Yes,Yes,Yes,Yes,Low,No,Yes,Yes
15,379,25-30,Female,Others,15-30 days,Yes,No,Yes,No,No,High,Yes,Yes,Yes
16,711,25-30,Female,Business,1-14 days,Yes,Yes,Yes,No,Yes,Medium,Yes,Yes,Yes
17,40,30-Above,Female,Business,31-60 days,No,No,Yes,No,No,Low,Yes,No,Yes
18,742,25-30,Female,Student,31-60 days,No,Yes,Yes,No,No,Medium,Yes,Yes,Yes
19,228,30-Above,Female,Student,31-60 days,Yes,Yes,Yes,Yes,No,Medium,Yes,Yes,No
20,343,30-Above,Female,Housewife,Go out Every day,Yes,Yes,Yes,Yes,Yes,Medium,Yes,Yes,No
21,615,16-20,Female,Business,31-60 days,Yes,No,No,Yes,No,Medium,Yes,No,No
22,545,25-30,Female,Student,More than 2 months,Yes,Yes,No,No,Yes,Low,No,Yes,Yes
23,387,30-Above,Female,Housewife,31-60 days,Yes,Yes,Yes,Yes,Yes,Medium,Yes,No,Yes
24,753,20-25,Female,Business,31-60 days,No,Yes,Yes,Yes,No,Medium,Yes,No,Yes
25,588,20-25,Female,Housewife,More than 2 months,Yes,Yes,No,Yes,No,High,Yes,Yes,No
26,663,30-Above,Male,Others,15-30 days,Yes,No,Yes,Yes,Yes,Low,Yes,Yes,No
27,682,20-25,Female,Housewife,1-14 days,Yes,Yes,No,Yes,No,Low,Yes,No,Yes
28,193,30-Above,Male,Business,More than 2 months,Yes,Yes,No,Yes,No,Medium,Yes,No,Yes
29,329,20-25,Female,Business,1-14 days,No,Yes,Yes,Yes,No,Medium,Yes,Yes,No
30,572,25-30,Female,Others,More than 2 months,No,Yes,No,Yes,Yes,High,Yes,Yes,No
31,234,20-25,Male,Corporate,More than 2 months,Yes,No,Yes,Yes,Yes,Medium,Yes,Yes,Yes
32,371,25-30,Male,Student,More than 2 months,Yes,Yes,Yes,Yes,Yes,High,Yes,Yes,Yes
33,653,16-20,Male,Corporate,31-60 days,Yes,No,Yes,Yes,Yes,Medium,Yes,Yes,No
34,314,20-25,Female,Student,31-60 days,No,No,Yes,Yes,Yes,Medium,Yes,Yes,No
35,483,20-25,Female,Housewife,31-60 days,Yes,Yes,No,Yes,Yes,Medium,No,Yes,Yes
36,336,25-30,Female,Corporate,31-60 days,Yes,Yes,Yes,No,Yes,Low,Yes,No,No
37,659,16-20,Male,Corporate,Go out Every day,No,Yes,No,Yes,Yes,Low,Yes,No,Yes
38,519,16-20,Male,Others,31-60 days,Yes,No,Yes,Yes,No,High,Yes,Yes,Yes
39,514,16-20,Female,Student,More than 2 months,Yes,No,Yes,Yes,Yes,Low,Yes,Yes,Yes
40,60,16-20,Female,Housewife,Go out Every day,No,Yes,Yes,Yes,Yes,Low,No,Yes,No
41,592,30-Above,Female,Others,15-30 days,Yes,Yes,Yes,Yes,Yes,High,No,No,Yes
42,199,20-25,Female,Others,31-60 days,Yes,Yes,Yes,Yes,Yes,Medium,No,Yes,No
43,214,25-30,Male,Corporate,31-60 days,No,Yes,No,Yes,Yes,High,Yes,No,No
44,725,25-30,Female,Others,31-60 days,Yes,No,Yes,No,No,Medium,No,Yes,Yes
45,532,16-20,Female,Housewife,15-30 days,No,Yes,No,No,Yes,High,Yes,Yes,Yes
46,434,30-Above,Female,Business,31-60 days,No,No,Yes,Yes,Yes,Low,Yes,No,Yes
47,16,16-20,Female,Student,1-14 days,Yes,Yes,Yes,No,Yes,Medium,No,No,No
48,633,20-25,Male,Business,1-14 days,Yes,No,Yes,Yes,Yes,High,No,Yes,Yes
49,667,25-30,Female,Corporate,15-30 days,Yes,No,No,No,Yes,Medium,Yes,No,Yes
50,47,25-30,Female,Student,More than 2 months,Yes,No,No,Yes,Yes,Medium,No,No,Yes
51,124,16-20,Female,Corporate,1-14 days,Yes,Yes,Yes,Yes,No,High,No,Yes,Yes
52,696,16-20,Female,Student,More than 2 months,Yes,Yes,Yes,Yes,No,Medium,Yes,Yes,No
53,111,16-20,Male,Business,Go out Every day,Yes,No,Yes,No,Yes,Medium,Yes,No,Yes
54,817,20-25,Male,Student,More than 2 months,Yes,Yes,Yes,No,Yes,Medium,Yes,Yes,Yes
55,35,16-20,Male,Business,31-60 days,Yes,Yes,Yes,No,Yes,Medium,No,Yes,Yes
56,617,16-20,Male,Housewife,31-60 days,No,Yes,Yes,Yes,No,Medium,Yes,Yes,No
57,818,16-20,Male,Corporate,31-60 days,No,No,Yes,Yes,Yes,Medium,Yes,No,Yes
58,83,30-Above,Male,Corporate,More than 2 months,Yes,Yes,Yes,Yes,No,Medium,No,Yes,Yes
59,138,20-25,Female,Student,15-30 days,No,Yes,Yes,Yes,Yes,Low,No,Yes,Yes
60,710,16-20,Female,Housewife,More than 2 months,No,Yes,Yes,Yes,Yes,Medium,No,No,No
61,449,20-25,Female,Corporate,31-60 days,Yes,Yes,Yes,Yes,Yes,High,No,Yes,Yes
62,370,20-25,Male,Corporate,Go out Every day,Yes,Yes,Yes,Yes,No,Low,No,Yes,Yes
63,657,30-Above,Female,Others,More than 2 months,No,Yes,No,Yes,No,Low,No,Yes,No
64,797,30-Above,Female,Housewife,1-14 days,Yes,Yes,No,Yes,Yes,High,No,Yes,Yes
65,815,30-Above,Female,Others,1-14 days,Yes,Yes,Yes,Yes,Yes,Medium,Yes,Yes,No
66,358,16-20,Male,Student,15-30 days,No,Yes,Yes,Yes,Yes,Low,Yes,Yes,Yes
67,161,20-25,Male,Housewife,Go out Every day,Yes,Yes,Yes,Yes,Yes,Medium,No,Yes,Yes
68,506,25-30,Female,Housewife,15-30 days,No,Yes,Yes,Yes,Yes,Medium,No,No,No
69,18,30-Above,Male,Student,31-60 days,Yes,No,Yes,No,Yes,Medium,Yes,Yes,Yes
70,95,16-20,Female,Housewife,31-60 days,Yes,Yes,No,Yes,Yes,High,No,Yes,Yes
71,524,25-30,Male,Corporate,1-14 days,Yes,No,No,No,Yes,Medium,No,No,No
72,805,16-20,Male,Housewife,15-30 days,Yes,Yes,No,Yes,Yes,Medium,No,No,Yes
73,668,25-30,Male,Student,1-14 days,Yes,No,Yes,Yes,No,Medium,No,No,No
74,88,25-30,Male,Others,15-30 days,Yes,Yes,Yes,Yes,Yes,High,No,No,Yes
75,66,25-30,Female,Others,More than 2 months,Yes,Yes,No,No,Yes,Medium,Yes,Yes,Yes
76,423,16-20,Female,Business,1-14 days,Yes,Yes,No,Yes,No,High,No,Yes,No
77,264,25-30,Female,Business,Go out Every day,No,Yes,Yes,Yes,Yes,High,Yes,Yes,No
78,439,16-20,Female,Student,Go out Every day,Yes,Yes,Yes,Yes,Yes,Low,Yes,Yes,Yes
79,749,16-20,Female,Student,31-60 days,Yes,Yes,Yes,Yes,No,Low,No,No,Yes
80,286,20-25,Male,Business,15-30 days,Yes,No,Yes,No,Yes,High,Yes,No,Yes
81,536,30-Above,Female,Corporate,31-60 days,Yes,Yes,No,No,Yes,Low,No,Yes,Yes
82,224,20-25,Male,Corporate,Go out Every day,No,Yes,Yes,Yes,Yes,Low,No,No,No
83,478,25-30,Female,Housewife,More than 2 months,Yes,Yes,Yes,Yes,Yes,High,Yes,No,Yes
84,266,30-Above,Female,Corporate,More than 2 months,Yes,Yes,No,Yes,Yes,Medium,No,Yes,Yes
85,42,25-30,Female,Housewife,31-60 days,Yes,No,No,Yes,Yes,Medium,No,Yes,No
86,401,16-20,Male,Business,Go out Every day,Yes,No,No,Yes,Yes,Low,Yes,Yes,Yes
87,641,30-Above,Male,Housewife,More than 2 months,Yes,No,Yes,Yes,Yes,High,Yes,No,No
88,236,16-20,Female,Others,31-60 days,Yes,Yes,No,Yes,No,Low,No,Yes,No
89,751,16-20,Male,Student,More than 2 months,Yes,Yes,Yes,Yes,No,Low,No,No,Yes
90,587,20-25,Female,Corporate,15-30 days,Yes,No,Yes,Yes,No,Low,No,Yes,Yes
91,624,20-25,Female,Others,31-60 days,Yes,Yes,No,Yes,No,High,No,No,Yes
92,811,25-30,Male,Corporate,1-14 days,Yes,No,Yes,Yes,No,Low,No,Yes,Yes
93,252,20-25,Female,Student,More than 2 months,Yes,Yes,Yes,Yes,Yes,High,No,Yes,No
94,92,30-Above,Female,Housewife,1-14 days,Yes,Yes,Yes,No,No,Low,Yes,Yes,No
95,355,30-Above,Male,Business,Go out Every day,Yes,Yes,Yes,Yes,No,High,Yes,Yes,Yes
96,666,16-20,Male,Student,31-60 days,Yes,Yes,Yes,Yes,No,Medium,No,No,Yes
97,2,30-Above,Female,Student,Go out Every day,No,No,Yes,No,No,Medium,Yes,Yes,No
98,406,25-30,Female,Corporate,1-14 days,No,Yes,Yes,No,Yes,Low,No,No,Yes
99,561,25-30,Female,Others,31-60 days,Yes,No,Yes,Yes,Yes,Medium,No,Yes,No
100,457,30-Above,Female,Others,15-30 days,No,Yes,Yes,Yes,Yes,Low,No,Yes,Yes
101,739,16-20,Female,Business,31-60 days,No,Yes,Yes,Yes,Yes,High,Yes,Yes,No
102,559,30-Above,Male,Others,Go out Every day,No,Yes,No,No,Yes,Medium,No,No,Yes
103,65,30-Above,Male,Business,More than 2 months,Yes,No,Yes,Yes,Yes,Low,No,Yes,No
104,238,25-30,Male,Others,1-14 days,No,No,Yes,Yes,Yes,High,Yes,Yes,No
105,352,16-20,Female,Business,31-60 days,Yes,No,Yes,Yes,Yes,High,No,Yes,No
106,299,25-30,Female,Business,Go out Every day,No,Yes,No,No,Yes,Medium,Yes,No,Yes
107,635,16-20,Female,Student,1-14 days,Yes,No,No,Yes,Yes,Low,Yes,Yes,Yes
108,221,25-30,Female,Corporate,More than 2 months,No,Yes,No,Yes,Yes,Medium,Yes,Yes,No
109,765,16-20,Female,Others,15-30 days,Yes,Yes,No,Yes,No,Low,No,No,Yes
110,595,16-20,Female,Business,15-30 days,Yes,Yes,Yes,Yes,Yes,High,No,Yes,Yes
111,69,25-30,Male,Housewife,31-60 days,Yes,Yes,No,Yes,Yes,Low,No,No,No
112,565,20-25,Female,Business,Go out Every day,No,Yes,Yes,Yes,Yes,Medium,No,Yes,No
113,59,20-25,Male,Student,31-60 days,Yes,No,No,Yes,Yes,Low,Yes,Yes,Yes
114,704,25-30,Female,Others,More than 2 months,Yes,Yes,Yes,Yes,No,High,Yes,Yes,Yes
115,231,25-30,Female,Business,More than 2 months,Yes,Yes,Yes,Yes,Yes,Low,Yes,Yes,Yes
116,523,30-Above,Female,Housewife,31-60 days,Yes,No,Yes,Yes,Yes,Low,No,Yes,Yes
117,419,25-30,Female,Student,Go out Every day,No,No,No,Yes,Yes,Low,Yes,Yes,Yes
118,703,16-20,Male,Business,1-14 days,Yes,Yes,Yes,No,Yes,Medium,No,Yes,Yes
119,823,30-Above,Female,Others,15-30 days,No,No,No,No,Yes,Low,Yes,No,Yes
120,205,25-30,Female,Student,1-14 days,No,Yes,No,Yes,Yes,High,No,Yes,Yes
121,606,16-20,Female,Housewife,1-14 days,Yes,Yes,Yes,Yes,No,Medium,No,No,Yes
122,114,16-20,Female,Business,15-30 days,Yes,No,Yes,No,Yes,Low,Yes,No,Yes
123,772,16-20,Male,Corporate,1-14 days,Yes,Yes,Yes,No,Yes,High,No,No,No
124,222,16-20,Male,Corporate,More than 2 months,Yes,Yes,Yes,Yes,Yes,Low,No,No,Yes
125,597,25-30,Female,Business,More than 2 months,No,Yes,Yes,Yes,No,Low,Yes,Yes,Yes
126,378,25-30,Female,Corporate,1-14 days,Yes,No,Yes,No,Yes,High,No,No,Yes
127,171,20-25,Male,Corporate,More than 2 months,Yes,Yes,Yes,Yes,Yes,Medium,No,No,Yes
128,515,30-Above,Female,Corporate,1-14 days,Yes,No,Yes,Yes,Yes,High,Yes,No,No
129,508,30-Above,Male,Others,1-14 days,Yes,No,No,Yes,Yes,Medium,Yes,No,No
130,100,25-30,Female,Business,More than 2 months,Yes,Yes,No,Yes,No,Medium,No,Yes,Yes
131,285,25-30,Male,Student,More than 2 months,No,Yes,Yes,Yes,No,High,No,Yes,No
132,731,16-20,Male,Student,1-14 days,No,Yes,Yes,No,Yes,High,Yes,Yes,Yes
133,568,16-20,Female,Student,31-60 days,No,No,Yes,No,Yes,Medium,No,Yes,Yes
134,821,20-25,Male,Student,More than 2 months,Yes,Yes,Yes,No,Yes,High,Yes,Yes,Yes
135,261,16-20,Female,Corporate,31-60 days,Yes,Yes,Yes,Yes,Yes,Medium,No,Yes,Yes
136,446,16-20,Male,Corporate,1-14 days,Yes,Yes,Yes,No,Yes,Low,No,Yes,No
137,680,16-20,Female,Corporate,Go out Every day,No,No,Yes,Yes,Yes,High,No,Yes,Yes
138,408,25-30,Female,Housewife,31-60 days,Yes,Yes,Yes,Yes,No,Medium,No,No,No
139,216,25-30,Male,Housewife,15-30 days,No,Yes,Yes,Yes,Yes,Medium,Yes,Yes,Yes
140,176,25-30,Male,Business,Go out Every day,Yes,Yes,No,Yes,No,Low,Yes,Yes,No
141,525,20-25,Male,Business,15-30 days,Yes,Yes,Yes,No,No,Medium,Yes,Yes,Yes
142,812,20-25,Female,Business,15-30 days,Yes,Yes,No,Yes,Yes,Medium,Yes,No,Yes
143,705,20-25,Male,Student,31-60 days,Yes,No,Yes,Yes,No,Medium,No,No,No
144,802,16-20,Male,Student,1-14 days,No,No,No,No,No,Low,Yes,Yes,Yes
145,215,25-30,Male,Business,1-14 days,No,Yes,No,No,Yes,High,No,No,Yes
146,12,25-30,Male,Others,15-30 days,Yes,Yes,No,Yes,Yes,Medium,No,Yes,No
147,255,30-Above,Female,Others,31-60 days,Yes,Yes,No,Yes,Yes,Low,Yes,Yes,No
148,338,16-20,Male,Corporate,15-30 days,No,No,Yes,No,Yes,High,No,Yes,Yes
149,538,20-25,Male,Business,More than 2 months,Yes,Yes,Yes,No,No,Medium,Yes,Yes,Yes
150,272,20-25,Female,Housewife,More than 2 months,Yes,Yes,Yes,Yes,Yes,High,No,Yes,Yes
151,702,30-Above,Female,Housewife,31-60 days,Yes,Yes,Yes,Yes,Yes,Medium,Yes,Yes,Yes
152,477,25-30,Male,Others,Go out Every day,No,Yes,No,Yes,No,Medium,No,Yes,Yes
153,333,30-Above,Female,Others,15-30 days,No,Yes,Yes,No,Yes,Medium,Yes,No,Yes
154,72,25-30,Female,Corporate,More than 2 months,Yes,No,Yes,Yes,Yes,Low,Yes,No,Yes
155,260,25-30,Female,Student,More than 2 months,Yes,Yes,Yes,No,Yes,High,No,No,No
156,573,20-25,Female,Others,1-14 days,Yes,Yes,No,Yes,No,Medium,No,No,Yes
157,354,30-Above,Male,Housewife,15-30 days,Yes,No,No,Yes,Yes,Medium,No,Yes,Yes
158,701,30-Above,Female,Student,1-14 days,No,Yes,No,Yes,Yes,Medium,No,Yes,No
159,766,25-30,Male,Student,1-14 days,No,Yes,Yes,Yes,Yes,High,Yes,Yes,No
160,611,25-30,Female,Corporate,1-14 days,No,Yes,Yes,Yes,Yes,High,Yes,No,Yes
161,474,25-30,Female,Others,More than 2 months,Yes,Yes,Yes,No,Yes,Medium,Yes,No,No
162,322,16-20,Male,Student,15-30 days,Yes,Yes,Yes,Yes,No,Low,No,No,Yes
163,791,25-30,Male,Business,More than 2 months,Yes,Yes,Yes,Yes,No,Medium,No,No,Yes
164,330,25-30,Female,Others,More than 2 months,No,No,Yes,No,Yes,High,No,Yes,Yes
165,263,30-Above,Male,Corporate,1-14 days,No,No,Yes,No,No,Medium,Yes,No,Yes
166,775,20-25,Female,Housewife,Go out Every day,Yes,Yes,Yes,Yes,Yes,Low,Yes,Yes,Yes
167,109,16-20,Female,Housewife,Go out Every day,Yes,Yes,Yes,Yes,No,High,Yes,Yes,No
168,327,25-30,Male,Corporate,Go out Every day,Yes,Yes,Yes,No,No,High,No,No,Yes
169,25,30-Above,Female,Housewife,1-14 days,Yes,Yes,Yes,Yes,Yes,Low,Yes,Yes,Yes
170,464,30-Above,Male,Student,31-60 days,Yes,No,No,No,Yes,High,Yes,No,Yes
171,398,25-30,Female,Corporate,31-60 days,Yes,No,No,No,Yes,Low,No,Yes,Yes
172,142,25-30,Male,Housewife,More than 2 months,Yes,No,Yes,Yes,Yes,Medium,Yes,Yes,Yes
173,91,16-20,Male,Housewife,1-14 days,No,Yes,No,Yes,No,Medium,No,Yes,No
174,774,20-25,Male,Others,31-60 days,Yes,Yes,Yes,No,Yes,Low,No,Yes,Yes
175,115,25-30,Female,Business,Go out Every day,No,Yes,No,Yes,No,Low,Yes,Yes,No
176,591,20-25,Male,Housewife,Go out Every day,Yes,Yes,No,Yes,Yes,Low,Yes,Yes,No
177,721,20-25,Male,Others,1-14 days,Yes,No,Yes,Yes,Yes,Medium,No,No,Yes
178,750,16-20,Male,Student,15-30 days,Yes,Yes,Yes,Yes,Yes,Medium,Yes,No,Yes
179,598,16-20,Female,Housewife,15-30 days,No,No,Yes,No,No,Medium,No,No,Yes
180,135,30-Above,Male,Student,Go out Every day,Yes,Yes,Yes,No,No,Medium,Yes,Yes,Yes
181,5,25-30,Male,Housewife,More than 2 months,No,Yes,Yes,Yes,Yes,Medium,No,Yes,Yes
182,256,20-25,Male,Housewife,1-14 days,Yes,No,Yes,Yes,Yes,Medium,No,Yes,No
183,717,30-Above,Male,Business,1-14 days,Yes,No,Yes,No,No,High,Yes,Yes,Yes
184,820,20-25,Male,Others,1-14 days,Yes,Yes,No,Yes,Yes,Low,No,Yes,Yes
185,507,16-20,Female,Others,1-14 days,Yes,Yes,Yes,Yes,Yes,Low,Yes,No,Yes
186,444,16-20,Female,Others,31-60 days,Yes,Yes,Yes,Yes,No,High,No,Yes,No
187,233,20-25,Female,Business,Go out Every day,Yes,No,Yes,No,Yes,Low,Yes,Yes,Yes
188,213,16-20,Female,Housewife,Go out Every day,Yes,Yes,Yes,Yes,No,Medium,No,No,Yes
189,258,16-20,Female,Corporate,31-60 days,No,Yes,No,Yes,Yes,High,No,No,Yes
190,435,20-25,Female,Student,Go out Every day,Yes,Yes,Yes,Yes,Yes,High,No,No,Yes
191,270,16-20,Female,Others,15-30 days,No,Yes,No,Yes,No,Low,Yes,No,Yes
192,99,16-20,Male,Corporate,31-60 days,No,No,Yes,Yes,Yes,Medium,Yes,Yes,Yes
193,669,20-25,Female,Others,More than 2 months,No,Yes,Yes,No,No,Medium,No,No,No
194,15,16-20,Male,Corporate,More than 2 months,No,No,Yes,Yes,Yes,Medium,No,No,Yes
195,144,25-30,Female,Business,15-30 days,Yes,No,Yes,Yes,No,High,No,No,No
196,268,20-25,Female,Others,1-14 days,Yes,Yes,Yes,Yes,No,Medium,No,Yes,Yes
197,788,16-20,Male,Others,31-60 days,No,Yes,No,No,Yes,Low,Yes,Yes,Yes
198,708,16-20,Female,Student,15-30 days,No,Yes,Yes,No,Yes,Low,No,Yes,Yes
199,547,20-25,Female,Others,More than 2 months,Yes,Yes,Yes,No,No,Medium,No,Yes,Yes
200,804,25-30,Female,Student,1-14 days,Yes,No,Yes,Yes,Yes,Low,No,Yes,No
201,246,25-30,Male,Business,Go out Every day,No,Yes,Yes,No,Yes,Medium,Yes,Yes,Yes
202,651,30-Above,Female,Corporate,Go out Every day,Yes,No,No,Yes,Yes,High,Yes,Yes,Yes
203,410,20-25,Female,Student,Go out Every day,No,Yes,Yes,Yes,Yes,High,No,Yes,Yes
204,681,30-Above,Male,Others,31-60 days,Yes,Yes,Yes,No,No,High,No,Yes,Yes
205,601,25-30,Female,Others,1-14 days,No,Yes,Yes,Yes,No,Medium,Yes,No,Yes
206,673,20-25,Male,Corporate,31-60 days,Yes,Yes,Yes,Yes,Yes,High,No,Yes,Yes
207,744,16-20,Female,Housewife,15-30 days,Yes,No,No,Yes,No,Medium,Yes,No,Yes
208,570,25-30,Male,Housewife,Go out Every day,No,No,Yes,No,Yes,Low,Yes,No,Yes
209,237,16-20,Female,Housewife,Go out Every day,Yes,No,Yes,No,No,High,Yes,No,No
210,48,20-25,Male,Student,1-14 days,Yes,Yes,Yes,Yes,Yes,High,No,No,No
211,528,30-Above,Male,Business,More than 2 months,Yes,Yes,No,No,Yes,Medium,No,No,No
212,581,30-Above,Male,Housewife,31-60 days,Yes,No,Yes,Yes,No,Low,Yes,Yes,Yes
213,160,16-20,Male,Corporate,1-14 days,Yes,Yes,No,Yes,Yes,Medium,Yes,Yes,Yes
214,119,16-20,Female,Housewife,More than 2 months,Yes,Yes,Yes,Yes,Yes,Medium,Yes,Yes,Yes
215,773,25-30,Male,Housewife,More than 2 months,No,Yes,No,Yes,Yes,High,Yes,No,Yes
216,411,25-30,Female,Student,Go out Every day,Yes,No,Yes,No,Yes,Low,No,Yes,Yes
217,631,20-25,Female,Student,Go out Every day,Yes,Yes,No,Yes,Yes,Low,Yes,No,Yes
218,132,16-20,Male,Student,15-30 days,Yes,Yes,Yes,Yes,Yes,High,Yes,No,Yes
219,140,16-20,Female,Housewife,More than 2 months,No,Yes,No,Yes,Yes,Low,Yes,Yes,Yes
220,75,20-25,Female,Business,31-60 days,Yes,Yes,Yes,Yes,Yes,Low,Yes,Yes,Yes
221,185,25-30,Male,Others,1-14 days,Yes,Yes,Yes,Yes,Yes,Medium,Yes,Yes,Yes
222,512,16-20,Male,Housewife,31-60 days,Yes,Yes,No,Yes,Yes,High,Yes,Yes,Yes
223,325,25-30,Female,Business,Go out Every day,Yes,Yes,Yes,No,Yes,High,Yes,No,No
224,50,25-30,Female,Student,15-30 days,Yes,Yes,Yes,Yes,Yes,High,Yes,No,No
225,276,20-25,Female,Others,1-14 days,Yes,No,Yes,Yes,No,Low,Yes,Yes,No
226,318,25-30,Female,Housewife,Go out Every day,No,No,No,No,Yes,High,No,Yes,Yes
227,454,30-Above,Female,Others,More than 2 months,Yes,Yes,No,No,No,Medium,Yes,Yes,Yes
228,778,16-20,Female,Student,15-30 days,Yes,Yes,Yes,No,Yes,High,No,Yes,No
229,426,20-25,Male,Housewife,Go out Every day,No,Yes,Yes,No,No,High,No,Yes,Yes
230,798,30-Above,Male,Corporate,15-30 days,No,Yes,No,Yes,Yes,Medium,No,Yes,No
231,357,16-20,Female,Student,Go out Every day,Yes,No,Yes,Yes,No,Low,No,Yes,Yes
232,693,30-Above,Male,Corporate,31-60 days,Yes,Yes,Yes,Yes,No,Medium,No,Yes,No
233,149,25-30,Female,Student,Go out Every day,Yes,Yes,Yes,Yes,Yes,High,Yes,Yes,No
234,655,30-Above,Female,Business,More than 2 months,No,No,Yes,Yes,Yes,High,Yes,Yes,No
235,586,20-25,Male,Housewife,Go out Every day,Yes,Yes,No,Yes,No,Low,No,No,Yes
236,738,25-30,Female,Housewife,1-14 days,Yes,Yes,Yes,Yes,Yes,Medium,Yes,Yes,Yes
237,534,30-Above,Female,Corporate,More than 2 months,Yes,Yes,Yes,Yes,Yes,High,No,No,Yes
238,151,25-30,Male,Others,31-60 days,Yes,Yes,Yes,Yes,Yes,High,No,No,Yes
239,181,25-30,Female,Others,More than 2 months,Yes,Yes,No,Yes,No,Low,No,Yes,No
240,73,16-20,Male,Corporate,31-60 days,No,Yes,Yes,Yes,No,Medium,No,No,Yes
241,77,30-Above,Female,Corporate,31-60 days,Yes,No,Yes,No,Yes,High,No,Yes,No
242,259,25-30,Female,Business,Go out Every day,No,No,Yes,No,Yes,High,Yes,Yes,Yes
243,437,25-30,Female,Corporate,More than 2 months,No,Yes,Yes,No,Yes,High,No,Yes,No
244,500,20-25,Female,Business,31-60 days,Yes,Yes,Yes,Yes,Yes,Low,Yes,Yes,No
245,141,25-30,Female,Others,More than 2 months,No,No,Yes,No,No,High,Yes,No,Yes
246,613,20-25,Female,Others,31-60 days,Yes,Yes,Yes,No,No,Medium,No,Yes,Yes
247,39,30-Above,Female,Housewife,Go out Every day,Yes,Yes,No,Yes,Yes,High,Yes,Yes,Yes
248,521,25-30,Female,Student,31-60 days,Yes,No,Yes,No,No,High,Yes,No,No
249,137,20-25,Female,Student,Go out Every day,Yes,Yes,Yes,Yes,No,Low,Yes,Yes,Yes
250,103,30-Above,Female,Corporate,15-30 days,Yes,Yes,Yes,No,Yes,Low,Yes,Yes,Yes
251,530,16-20,Male,Student,1-14 days,Yes,Yes,Yes,No,Yes,Medium,No,No,Yes
252,396,16-20,Female,Corporate,1-14 days,Yes,Yes,No,No,Yes,Low,Yes,Yes,No
253,806,16-20,Female,Corporate,Go out Every day,Yes,No,No,No,No,Medium,Yes,Yes,Yes
254,605,20-25,Female,Housewife,1-14 days,Yes,Yes,Yes,Yes,No,High,Yes,Yes,No
255,150,25-30,Male,Others,31-60 days,No,Yes,Yes,Yes,No,Medium,No,No,No
256,123,30-Above,Male,Others,More than 2 months,No,No,No,No,No,High,No,Yes,No
257,0,20-25,Female,Corporate,1-14 days,Yes,Yes,No,Yes,Yes,Medium,No,No,Yes
258,360,20-25,Male,Others,More than 2 months,Yes,Yes,Yes,Yes,No,Low,No,No,No
259,619,25-30,Female,Business,31-60 days,No,Yes,No,Yes,Yes,Medium,No,No,No
260,416,16-20,Female,Others,More than 2 months,Yes,Yes,Yes,Yes,No,Low,Yes,Yes,Yes
261,217,16-20,Male,Student,15-30 days,Yes,Yes,No,No,Yes,Low,No,No,Yes
262,494,25-30,Male,Corporate,1-14 days,Yes,Yes,No,No,Yes,Low,Yes,Yes,Yes
263,3,25-30,Male,Others,1-14 days,Yes,No,Yes,No,Yes,Medium,No,Yes,Yes
264,809,30-Above,Male,Business,15-30 days,Yes,No,Yes,Yes,Yes,High,No,No,No
265,789,20-25,Male,Business,31-60 days,No,Yes,No,Yes,Yes,High,Yes,No,No
266,544,16-20,Male,Student,15-30 days,Yes,Yes,Yes,Yes,No,Low,Yes,Yes,Yes
267,335,16-20,Female,Business,1-14 days,Yes,Yes,Yes,Yes,Yes,High,Yes,Yes,Yes
268,86,20-25,Female,Student,Go out Every day,No,Yes,No,No,No,Low,No,Yes,Yes
269,555,20-25,Female,Corporate,1-14 days,Yes,No,Yes,Yes,Yes,High,Yes,Yes,No
270,527,30-Above,Male,Housewife,More than 2 months,Yes,Yes,Yes,No,Yes,Medium,No,Yes,No
271,460,16-20,Male,Housewife,31-60 days,No,Yes,Yes,Yes,Yes,Low,Yes,Yes,Yes
272,71,25-30,Male,Corporate,Go out Every day,Yes,Yes,Yes,Yes,No,Low,Yes,Yes,No
273,557,25-30,Female,Student,15-30 days,Yes,No,Yes,Yes,Yes,High,No,No,Yes
274,271,20-25,Male,Business,1-14 days,Yes,No,Yes,Yes,Yes,High,No,Yes,No
275,445,30-Above,Male,Housewife,Go out Every day,Yes,Yes,Yes,Yes,Yes,High,Yes,Yes,Yes
276,640,20-25,Male,Business,1-14 days,Yes,Yes,Yes,No,No,Medium,Yes,No,No
277,517,25-30,Male,Housewife,1-14 days,Yes,No,Yes,No,Yes,Medium,No,No,Yes
278,19,16-20,Female,Student,1-14 days,Yes,Yes,Yes,No,Yes,High,No,Yes,Yes
279,807,16-20,Female,Student,More than 2 months,Yes,Yes,Yes,Yes,Yes,High,No,Yes,No
280,125,25-30,Female,Student,Go out Every day,Yes,Yes,Yes,Yes,Yes,Medium,Yes,Yes,Yes
281,770,16-20,Male,Student,15-30 days,Yes,No,Yes,Yes,Yes,Medium,Yes,Yes,No
282,307,25-30,Female,Others,More than 2 months,Yes,Yes,No,No,Yes,High,Yes,No,Yes
283,41,30-Above,Female,Corporate,Go out Every day,Yes,Yes,No,Yes,Yes,Low,Yes,No,No
284,637,20-25,Male,Student,31-60 days,No,Yes,Yes,No,No,Medium,Yes,Yes,Yes
285,535,16-20,Male,Corporate,Go out Every day,Yes,Yes,No,No,No,Medium,Yes,Yes,No
286,593,16-20,Female,Student,15-30 days,No,No,No,Yes,No,Medium,No,Yes,Yes
287,279,30-Above,Female,Corporate,31-60 days,Yes,No,Yes,Yes,Yes,Medium,Yes,Yes,Yes
288,169,30-Above,Male,Corporate,15-30 days,Yes,Yes,No,No,Yes,High,Yes,Yes,No
289,490,20-25,Male,Others,1-14 days,Yes,Yes,Yes,No,Yes,Low,Yes,No,Yes
290,769,16-20,Female,Business,Go out Every day,Yes,Yes,No,No,Yes,Medium,Yes,Yes,Yes
291,509,20-25,Female,Housewife,1-14 days,Yes,Yes,No,Yes,No,Medium,No,Yes,Yes
292,715,16-20,Male,Student,Go out Every day,Yes,Yes,Yes,Yes,Yes,High,No,Yes,Yes
293,206,25-30,Male,Housewife,Go out Every day,Yes,Yes,No,Yes,No,High,No,No,Yes
294,575,30-Above,Female,Others,31-60 days,No,Yes,Yes,Yes,No,Low,Yes,No,Yes
295,781,25-30,Female,Student,15-30 days,No,Yes,Yes,Yes,Yes,Medium,Yes,Yes,Yes
296,90,30-Above,Female,Housewife,15-30 days,No,Yes,Yes,Yes,Yes,Medium,Yes,No,Yes
297,323,16-20,Female,Student,Go out Every day,No,Yes,Yes,Yes,Yes,Medium,No,No,Yes
298,459,20-25,Female,Housewife,31-60 days,Yes,Yes,Yes,Yes,Yes,Low,No,Yes,Yes
299,814,16-20,Female,Housewife,Go out Every day,Yes,Yes,Yes,No,No,Medium,No,No,No
